location_code,business_date,ticket_number,line_number,closed_at,item_name,qty,unit_price,discount_amount,line_state,order_mode
CW-WV,2024-01-01,210001,1,2024-01-01 07:04:47,Buttermilk Stack,1,17.00,0.00,sale,DI
CW-WV,2024-01-01,210001,2,2024-01-01 07:04:47,House-Brewed Iced Tea,1,5.00,0.00,sale,DI
CW-WV,2024-01-01,210002,1,2024-01-01 07:04:30,Soft-Serve Sundae,1,9.00,0.00,sale,TO
CW-WV,2024-01-01,210002,2,2024-01-01 07:04:30,Seasonal Fruit Crisp,1,11.00,0.00,sale,TO
CW-WV,2024-01-01,210002,3,2024-01-01 07:04:30,Copperwick Breakfast,1,16.00,0.00,void,TO
CW-WV,2024-01-01,210002,4,2024-01-01 07:04:30,House-Brewed Iced Tea,1,5.00,0.00,sale,TO
CW-WV,2024-01-01,210003,1,2024-01-01 07:50:51,Buttermilk Stack,1,17.00,0.00,sale,DI
CW-WV,2024-01-01,210003,2,2024-01-01 07:50:51,AVOCADO TST,1,16.00,0.00,sale,DI
CW-WV,2024-01-01,210003,3,2024-01-01 07:50:51,Short Rib French Dip,2,22.00,0.00,sale,DI
CW-WV,2024-01-01,210003,4,2024-01-01 07:50:51,Quillbrook Drip Coffee,1,4.50,0.00,sale,DI
CW-WV,2024-01-01,210004,1,2024-01-01 08:09:54,Buttermilk Stack,1,17.00,0.00,sale,DI
CW-WV,2024-01-01,210004,2,2024-01-01 08:09:54,Quillbrook Drip Coffee,1,4.50,0.00,sale,DI
CW-WV,2024-01-01,210005,1,2024-01-01 08:14:41,Kale Caesar,1,17.00,0.00,sale,TO
CW-WV,2024-01-01,210005,2,2024-01-01 08:14:41,Skillet Potatoes,1,8.00,0.00,sale,TO
CW-WV,2024-01-01,210005,3,2024-01-01 08:14:41,Copperwick Breakfast,2,16.00,0.00,sale,TO
CW-WV,2024-01-01,210005,4,2024-01-01 08:14:41,Brioche French Toast,1,18.00,0.00,sale,TO
CW-WV,2024-01-01,210005,5,2024-01-01 08:14:41,Crispy Chicken Sandwich,1,18.00,2.50,sale,TO
CW-WV,2024-01-01,210005,6,2024-01-01 08:14:41,Iced Maple Latte,1,7.00,0.00,sale,TO
CW-WV,2024-01-01,210006,1,2024-01-01 08:15:02,Green Goddess Omelette,1,18.00,0.00,sale,DI
CW-WV,2024-01-01,210006,2,2024-01-01 08:15:02,Deviled Eggs & Dukkah,1,12.00,1.61,sale,DI
CW-WV,2024-01-01,210006,3,2024-01-01 08:15:02,Buttermilk Stack,1,17.00,0.00,sale,DI
CW-WV,2024-01-01,210007,1,2024-01-01 08:47:58,Shakshuka Skillet,1,19.00,0.00,sale,DI
CW-WV,2024-01-01,210007,2,2024-01-01 08:47:58,Crispy Chicken Sandwich,1,18.00,0.00,sale,DI
CW-WV,2024-01-01,210007,3,2024-01-01 08:47:58,Green Goddess Omelette,1,18.00,0.00,sale,DI
CW-WV,2024-01-01,210008,1,2024-01-01 08:52:43,Shakshuka Skillet,1,19.00,0.00,sale,DI
CW-WV,2024-01-01,210008,2,2024-01-01 08:52:43,House-Brewed Iced Tea,1,5.00,0.00,sale,DI
CW-WV,2024-01-01,210009,1,2024-01-01 09:41:09,AVOCADO TST,1,16.00,0.00,sale,DI
CW-WV,2024-01-01,210009,2,2024-01-01 09:41:09,Avocado Toast,1,16.00,0.00,sale,DI
CW-WV,2024-01-01,210009,3,2024-01-01 09:41:09,Quillbrook Drip Coffee,1,4.50,0.00,sale,DI
CW-WV,2024-01-01,210010,1,2024-01-01 09:44:34,Copperwick Smash Burger,1,19.00,0.00,sale,DI
CW-WV,2024-01-01,210010,2,2024-01-01 09:44:34,Soft-Serve Sundae,1,9.00,0.00,sale,DI
CW-WV,2024-01-01,210010,3,2024-01-01 09:44:34,Short Rib Hash,1,21.00,0.00,sale,DI
CW-WV,2024-01-01,210011,1,2024-01-01 09:47:59,Avocado Toast,1,16.00,0.00,sale,DI
CW-WV,2024-01-01,210012,1,2024-01-01 10:16:57,Crispy Chicken Sandwich,1,18.00,0.00,sale,DI
CW-WV,2024-01-01,210012,2,2024-01-01 10:16:57,Fresh Lemonade,1,6.00,0.00,sale,DI
CW-WV,2024-01-01,210013,1,2024-01-01 11:09:58,Za'atar Fries,1,11.00,0.00,sale,TO
CW-WV,2024-01-01,210013,2,2024-01-01 11:09:58,Iced Maple Latte,1,7.00,0.00,sale,TO
CW-WV,2024-01-01,210014,1,2024-01-01 11:13:11,Fish & Chips,1,24.00,3.72,sale,DI
CW-WV,2024-01-01,210015,1,2024-01-01 11:14:12,Smoked Short Rib Plate,1,33.00,0.00,sale,DI
CW-WV,2024-01-01,210015,2,2024-01-01 11:14:12,Iced Maple Latte,1,7.00,0.00,sale,DI
CW-WV,2024-01-01,210016,1,2024-01-01 11:21:41,Harissa Half Chicken,2,28.00,0.00,sale,DL
CW-WV,2024-01-01,210016,2,2024-01-01 11:21:41,Quillbrook Drip Coffee,1,4.50,0.00,sale,DL
CW-WV,2024-01-01,210017,1,2024-01-01 11:26:30,Steak & Greens Salad,1,24.00,0.00,sale,DI
CW-WV,2024-01-01,210018,1,2024-01-01 11:27:06,Salted Honey Pie,1,11.00,0.00,sale,TO
CW-WV,2024-01-01,210018,2,2024-01-01 11:27:06,Mac & Greens,1,18.00,0.00,sale,TO
CW-WV,2024-01-01,210018,3,2024-01-01 11:27:06,Fresh Lemonade,1,6.00,0.00,sale,TO
CW-WV,2024-01-01,210019,1,2024-01-01 11:33:47,Turkey Club on Sourdough,1,17.00,0.00,sale,DI
CW-WV,2024-01-01,210019,2,2024-01-01 11:33:47,Chicken Pot Pie,1,23.00,0.00,sale,DI
CW-WV,2024-01-01,210019,3,2024-01-01 11:33:47,Fresh Lemonade,1,6.00,0.00,sale,DI
CW-WV,2024-01-01,210020,1,2024-01-01 11:40:30,Copperwick Smash Burger,1,19.00,0.00,comp,DI
CW-WV,2024-01-01,210021,1,2024-01-01 11:43:51,Turkey Club on Sourdough,2,17.00,0.00,sale,DI
CW-WV,2024-01-01,210022,1,2024-01-01 11:48:19,Steak & Greens Salad,2,24.00,0.00,sale,DI
CW-WV,2024-01-01,210022,2,2024-01-01 11:48:19,Short Rib French Dip,1,22.00,0.00,sale,DI
CW-WV,2024-01-01,210023,1,2024-01-01 11:52:15,Mushroom Reuben,1,16.00,0.00,sale,DI
CW-WV,2024-01-01,210023,2,2024-01-01 11:52:15,Brioche French Toast,1,18.00,0.00,comp,DI
CW-WV,2024-01-01,210023,3,2024-01-01 11:52:15,"Roasted Salmon, Charred Lemon",1,29.00,0.00,sale,DI
CW-WV,2024-01-01,210023,4,2024-01-01 11:52:15,Quillbrook Drip Coffee,1,4.50,0.00,sale,DI
CW-WV,2024-01-01,210024,1,2024-01-01 11:56:45,Avocado Toast,1,16.00,0.00,sale,DI
CW-WV,2024-01-01,210025,1,2024-01-01 12:03:55,Copperwick Smash Burger,1,19.00,2.92,sale,DI
CW-WV,2024-01-01,210025,2,2024-01-01 12:03:55,Fresh Lemonade,1,6.00,0.00,sale,DI
CW-WV,2024-01-01,210026,1,2024-01-01 12:05:17,Copperwick Smash Burger,1,19.00,2.32,sale,TO
CW-WV,2024-01-01,210026,2,2024-01-01 12:05:17,Copperwick Smash Burger,1,19.00,0.00,sale,TO
CW-WV,2024-01-01,210026,3,2024-01-01 12:05:17,Iced Maple Latte,1,7.00,0.00,sale,TO
CW-WV,2024-01-01,210027,1,2024-01-01 12:08:13,KALE CAESAR,1,17.00,1.81,sale,DI
CW-WV,2024-01-01,210027,2,2024-01-01 12:08:13,Copperwick Smash Burger,1,19.00,0.00,sale,DI
CW-WV,2024-01-01,210027,3,2024-01-01 12:08:13,Iced Maple Latte,1,7.00,0.00,sale,DI
CW-WV,2024-01-01,210028,1,2024-01-01 12:10:15,Chopped Farm Salad,1,16.00,0.00,sale,DI
CW-WV,2024-01-01,210028,2,2024-01-01 12:10:15,Quillbrook Drip Coffee,1,4.50,0.00,sale,DI
CW-WV,2024-01-01,210029,1,2024-01-01 12:15:54,Turkey Club on Sourdough,1,17.00,0.00,sale,DI
CW-WV,2024-01-01,210029,2,2024-01-01 12:15:54,Quillbrook Drip Coffee,1,4.50,0.00,sale,DI
CW-WV,2024-01-01,210030,1,2024-01-01 12:23:33,Kale Caesar,2,17.00,0.00,sale,DI
CW-WV,2024-01-01,210030,2,2024-01-01 12:23:33,House-Brewed Iced Tea,1,5.00,0.00,sale,DI
CW-WV,2024-01-01,210031,1,2024-01-01 12:31:56,Crispy Brussels & Hot Honey,1,14.00,0.00,sale,DI
CW-WV,2024-01-01,210031,2,2024-01-01 12:31:56,Warm Chocolate Pudding Cake,1,12.00,0.00,sale,DI
CW-WV,2024-01-01,210032,1,2024-01-01 12:36:01,Hanger Steak Frites,1,34.00,0.00,sale,DI
CW-WV,2024-01-01,210032,2,2024-01-01 12:36:01,BLT&E,1,15.00,0.00,sale,DI
CW-WV,2024-01-01,210033,1,2024-01-01 12:39:43,Kale Caesar,1,17.00,0.00,sale,DL
CW-WV,2024-01-01,210033,2,2024-01-01 12:39:43,"Roasted Salmon, Charred Lemon",1,29.00,0.00,sale,DL
CW-WV,2024-01-01,210034,1,2024-01-01 12:52:41,Sourdough & Cultured Butter,1,5.00,0.00,sale,DI
CW-WV,2024-01-01,210034,2,2024-01-01 12:52:41,Copperwick Smash Burger,1,19.00,0.00,sale,DI
CW-WV,2024-01-01,210034,3,2024-01-01 12:52:41,Chili-Maple Wings,1,17.00,0.00,sale,DI
CW-WV,2024-01-01,210034,4,2024-01-01 12:52:41,Za'atar Fries,1,11.00,0.00,sale,DI
CW-WV,2024-01-01,210034,5,2024-01-01 12:52:41,Quillbrook Drip Coffee,1,4.50,0.00,sale,DI
CW-WV,2024-01-01,210035,1,2024-01-01 12:57:30,BLT&E,1,15.00,0.00,sale,DI
CW-WV,2024-01-01,210036,1,2024-01-01 12:59:36,Chopped Farm Salad,1,16.00,0.00,sale,DI
CW-WV,2024-01-01,210036,2,2024-01-01 12:59:36,Skillet Potatoes,1,8.00,0.00,sale,DI
CW-WV,2024-01-01,210036,3,2024-01-01 12:59:36,Copperwick Smash Burger,1,19.00,2.23,sale,DI
CW-WV,2024-01-01,210037,1,2024-01-01 12:59:24,Warm Chocolate Pudding Cake,1,12.00,0.00,sale,DI
CW-WV,2024-01-01,210037,2,2024-01-01 12:59:24,Soft-Serve Sundae,1,9.00,0.00,sale,DI
CW-WV,2024-01-01,210037,3,2024-01-01 12:59:24,Iced Maple Latte,1,7.00,0.00,sale,DI
CW-WV,2024-01-01,210038,1,2024-01-01 13:05:52,Steak & Greens Salad,1,24.00,0.00,sale,DI
CW-WV,2024-01-01,210038,2,2024-01-01 13:05:52,Copperwick Smash Burger,1,19.00,0.00,sale,DI
CW-WV,2024-01-01,210038,3,2024-01-01 13:05:52,Garlicky Green Beans,1,9.00,0.00,sale,DI
CW-WV,2024-01-01,210039,1,2024-01-01 13:11:57,Soft-Serve Sundae,2,9.00,0.00,sale,TO
CW-WV,2024-01-01,210039,2,2024-01-01 13:11:57,Kale Caesar,1,17.00,0.00,sale,TO
CW-WV,2024-01-01,210039,3,2024-01-01 13:11:57,Iced Maple Latte,1,7.00,0.00,sale,TO
CW-WV,2024-01-01,210040,1,2024-01-01 13:24:56,Hanger Steak Frites,1,34.00,0.00,sale,DI
CW-WV,2024-01-01,210040,2,2024-01-01 13:24:56,Quillbrook Drip Coffee,1,4.50,0.00,sale,DI
CW-WV,2024-01-01,210041,1,2024-01-01 13:33:57,Steak & Greens Salad,1,24.00,0.00,sale,DI
CW-WV,2024-01-01,210041,2,2024-01-01 13:33:57,Quillbrook Drip Coffee,1,4.50,0.00,sale,DI
CW-WV,2024-01-01,210042,1,2024-01-01 13:33:01,Chopped Farm Salad,1,16.00,0.00,sale,DI
CW-WV,2024-01-01,210042,2,2024-01-01 13:33:01,Soft-Serve Sundae,1,9.00,0.00,sale,DI
CW-WV,2024-01-01,210042,3,2024-01-01 13:33:01,Quillbrook Drip Coffee,1,4.50,0.00,sale,DI
CW-WV,2024-01-01,210043,1,2024-01-01 13:33:09,Steak & Greens Salad,1,24.00,0.00,sale,DI
CW-WV,2024-01-01,210044,1,2024-01-01 13:40:06,Soft-Serve Sundae,1,9.00,0.00,sale,DI
CW-WV,2024-01-01,210044,2,2024-01-01 13:40:06,Brioche French Toast,1,18.00,0.00,sale,DI
CW-WV,2024-01-01,210044,3,2024-01-01 13:40:06,Hanger Steak Frites,1,34.00,0.00,sale,DI
CW-WV,2024-01-01,210044,4,2024-01-01 13:40:06,SMASHBURGER,1,19.00,0.00,sale,DI
CW-WV,2024-01-01,210044,5,2024-01-01 13:40:06,Mac & Greens,1,18.00,0.00,sale,DI
CW-WV,2024-01-01,210045,1,2024-01-01 13:41:58,Harvest Grain Bowl,2,18.00,0.00,sale,TO
CW-WV,2024-01-01,210045,2,2024-01-01 13:41:58,Copperwick Breakfast,1,16.00,0.00,sale,TO
CW-WV,2024-01-01,210045,3,2024-01-01 13:41:58,Crispy Brussels & Hot Honey,1,14.00,0.00,sale,TO
CW-WV,2024-01-01,210045,4,2024-01-01 13:41:58,Iced Maple Latte,1,7.00,0.00,sale,TO
CW-WV,2024-01-01,210046,1,2024-01-01 13:41:13,Charred Broccoli Bowl,1,17.00,0.00,sale,DI
CW-WV,2024-01-01,210047,1,2024-01-01 13:51:48,Copperwick Smash Burger,3,19.00,0.00,sale,DI
CW-WV,2024-01-01,210048,1,2024-01-01 13:51:49,Chili-Maple Wings,-1,17.00,0.00,refund,DI
CW-WV,2024-01-01,210048,2,2024-01-01 13:51:49,Shakshuka Skillet,1,19.00,0.00,sale,DI
CW-WV,2024-01-01,210048,3,2024-01-01 13:51:49,Skillet Potatoes,1,8.00,0.00,sale,DI
CW-WV,2024-01-01,210048,4,2024-01-01 13:51:49,Deviled Eggs & Dukkah,1,12.00,0.00,sale,DI
CW-WV,2024-01-01,210049,1,2024-01-01 13:56:31,Copperwick Smash Burger,1,19.00,0.00,sale,TO
CW-WV,2024-01-01,210049,2,2024-01-01 13:56:31,Copperwick Smash Burger,1,19.00,0.00,sale,TO
CW-WV,2024-01-01,210049,3,2024-01-01 13:56:31,Fresh Lemonade,1,6.00,0.00,sale,TO
CW-WV,2024-01-01,210050,1,2024-01-01 14:01:31,Hanger Steak Frites,1,34.00,0.00,sale,DI
CW-WV,2024-01-01,210050,2,2024-01-01 14:01:31,Quillbrook Drip Coffee,1,4.50,0.00,sale,DI
CW-WV,2024-01-01,210051,1,2024-01-01 14:02:19,Copperwick Smash Burger,1,19.00,0.00,sale,DI
CW-WV,2024-01-01,210051,2,2024-01-01 14:02:19,Sourdough & Cultured Butter,1,5.00,0.00,sale,DI
CW-WV,2024-01-01,210051,3,2024-01-01 14:02:19,Fresh Lemonade,1,6.00,0.00,sale,DI
CW-WV,2024-01-01,210052,1,2024-01-01 14:09:21,Sourdough & Cultured Butter,1,5.00,0.00,sale,DI
CW-WV,2024-01-01,210052,2,2024-01-01 14:09:21,Iced Maple Latte,1,7.00,0.00,sale,DI
CW-WV,2024-01-01,210053,1,2024-01-01 14:14:41,Steak & Greens Salad,1,24.00,0.00,sale,DI
CW-WV,2024-01-01,210054,1,2024-01-01 14:14:25,Turkey Club on Sourdough,1,17.00,0.00,sale,DI
CW-WV,2024-01-01,210054,2,2024-01-01 14:14:25,Steak & Greens Salad,1,24.00,5.31,sale,DI
CW-WV,2024-01-01,210054,3,2024-01-01 14:14:25,Turkey Club on Sourdough,1,17.00,0.00,sale,DI
CW-WV,2024-01-01,210054,4,2024-01-01 14:14:25,Quillbrook Drip Coffee,1,4.50,0.00,sale,DI
CW-WV,2024-01-01,210055,1,2024-01-01 14:21:51,Kale Caesar,1,17.00,0.00,sale,DI
CW-WV,2024-01-01,210055,2,2024-01-01 14:21:51,Copperwick Smash Burger,1,19.00,0.00,sale,DI
CW-WV,2024-01-01,210055,3,2024-01-01 14:21:51,Copperwick Smash Burger,1,19.00,0.00,sale,DI
CW-WV,2024-01-01,210055,4,2024-01-01 14:21:51,Crispy Brussels & Hot Honey,1,14.00,0.00,sale,DI
CW-WV,2024-01-01,210055,5,2024-01-01 14:21:51,Iced Maple Latte,1,7.00,0.00,sale,DI
CW-WV,2024-01-01,210056,1,2024-01-01 14:23:26,Crispy Chicken Sandwich,1,18.00,0.00,sale,DI
CW-WV,2024-01-01,210057,1,2024-01-01 14:25:30,Kale Caesar,1,17.00,0.00,sale,DI
CW-WV,2024-01-01,210057,2,2024-01-01 14:25:30,Buttermilk Stack,1,17.00,0.00,sale,DI
CW-WV,2024-01-01,210058,1,2024-01-01 14:26:04,Chili-Maple Wings,1,17.00,0.00,sale,DI
CW-WV,2024-01-01,210058,2,2024-01-01 14:26:04,Fresh Lemonade,1,6.00,0.00,sale,DI
CW-WV,2024-01-01,210059,1,2024-01-01 14:27:23,Short Rib French Dip,1,22.00,0.00,sale,DI
CW-WV,2024-01-01,210059,2,2024-01-01 14:27:23,Skillet Potatoes,1,8.00,0.00,sale,DI
CW-WV,2024-01-01,210059,3,2024-01-01 14:27:23,Fresh Lemonade,1,6.00,0.00,sale,DI
CW-WV,2024-01-01,210060,1,2024-01-01 14:28:56,Za'atar Fries,1,11.00,0.00,sale,TO
CW-WV,2024-01-01,210060,2,2024-01-01 14:28:56,Fresh Lemonade,1,6.00,0.00,sale,TO
CW-WV,2024-01-01,210061,1,2024-01-01 14:29:20,Turkey Club on Sourdough,2,17.00,0.00,sale,DI
CW-WV,2024-01-01,210061,2,2024-01-01 14:29:20,Quillbrook Drip Coffee,1,4.50,0.00,sale,DI
CW-WV,2024-01-01,210062,1,2024-01-01 14:38:09,Copperwick Smash Burger,1,19.00,0.00,sale,DI
CW-WV,2024-01-01,210063,1,2024-01-01 14:39:11,Mushroom Reuben,1,16.00,0.00,sale,DI
CW-WV,2024-01-01,210063,2,2024-01-01 14:39:11,Fresh Lemonade,1,6.00,0.00,sale,DI
CW-WV,2024-01-01,210064,1,2024-01-01 14:48:11,Cornbread Skillet,1,9.00,0.00,sale,DI
CW-WV,2024-01-01,210064,2,2024-01-01 14:48:11,Sourdough & Cultured Butter,1,5.00,0.00,sale,DI
CW-WV,2024-01-01,210064,3,2024-01-01 14:48:11,Chili-Maple Wings,2,17.00,0.00,sale,DI
CW-WV,2024-01-01,210064,4,2024-01-01 14:48:11,Sourdough & Cultured Butter,1,5.00,0.00,sale,DI
CW-WV,2024-01-01,210064,5,2024-01-01 14:48:11,Fresh Lemonade,1,6.00,0.00,sale,DI
CW-WV,2024-01-01,210065,1,2024-01-01 14:50:47,Salted Honey Pie,3,11.00,0.00,sale,DI
CW-WV,2024-01-01,210065,2,2024-01-01 14:50:47,Quillbrook Drip Coffee,1,4.50,0.00,sale,DI
CW-WV,2024-01-01,210066,1,2024-01-01 14:51:19,Smoked Short Rib Plate,1,33.00,0.00,sale,DI
CW-WV,2024-01-01,210066,2,2024-01-01 14:51:19,Fresh Lemonade,1,6.00,0.00,sale,DI
CW-WV,2024-01-01,210067,1,2024-01-01 14:57:25,Sourdough & Cultured Butter,1,5.00,0.00,sale,DI
CW-WV,2024-01-01,210067,2,2024-01-01 14:57:25,Charred Broccoli Bowl,1,17.00,0.00,sale,DI
CW-WV,2024-01-01,210067,3,2024-01-01 14:57:25,Crispy Chicken Sandwich,1,18.00,0.00,sale,DI
CW-WV,2024-01-01,210067,4,2024-01-01 14:57:25,Salted Honey Pie,1,11.00,0.00,sale,DI
CW-WV,2024-01-01,210068,1,2024-01-01 15:00:45,Za'atar Fries,1,11.00,0.00,sale,DI
CW-WV,2024-01-01,210068,2,2024-01-01 15:00:45,Copperwick Smash Burger,2,19.00,0.00,sale,DI
CW-WV,2024-01-01,210069,1,2024-01-01 15:08:16,Deviled Eggs & Dukkah,1,12.00,0.00,sale,DI
CW-WV,2024-01-01,210070,1,2024-01-01 15:12:24,Warm Chocolate Pudding Cake,1,12.00,0.00,sale,DI
CW-WV,2024-01-01,210070,2,2024-01-01 15:12:24,Steak & Greens Salad,1,24.00,0.00,sale,DI
CW-WV,2024-01-01,210070,3,2024-01-01 15:12:24,Fresh Lemonade,1,6.00,0.00,sale,DI
CW-WV,2024-01-01,210071,1,2024-01-01 15:19:50,Crispy Chicken Sandwich,1,18.00,0.00,sale,TO
CW-WV,2024-01-01,210072,1,2024-01-01 15:27:38,Steak & Greens Salad,1,24.00,0.00,sale,DI
CW-WV,2024-01-01,210072,2,2024-01-01 15:27:38,Kale Caesar,2,17.00,0.00,sale,DI
CW-WV,2024-01-01,210073,1,2024-01-01 15:30:29,Avo Toast,1,16.00,0.00,sale,DI
CW-WV,2024-01-01,210073,2,2024-01-01 15:30:29,Crispy Chicken Sandwich,1,18.00,0.00,sale,DI
CW-WV,2024-01-01,210073,3,2024-01-01 15:30:29,Skillet Potatoes,1,8.00,0.00,sale,DI
CW-WV,2024-01-01,210074,1,2024-01-01 15:34:30,Crispy Chicken Sandwich,1,18.00,0.00,sale,DI
CW-WV,2024-01-01,210074,2,2024-01-01 15:34:30,Salted Honey Pie,2,11.00,0.00,sale,DI
CW-WV,2024-01-01,210074,3,2024-01-01 15:34:30,Crispy Chicken Sandwich,1,18.00,0.00,sale,DI
CW-WV,2024-01-01,210074,4,2024-01-01 15:34:30,Fresh Lemonade,1,6.00,0.00,sale,DI
CW-WV,2024-01-01,210075,1,2024-01-01 15:47:40,Mushroom Reuben,1,16.00,0.00,sale,DI
CW-WV,2024-01-01,210076,1,2024-01-01 15:50:52,Copperwick Smash Burger,1,19.00,4.72,sale,DI
CW-WV,2024-01-01,210076,2,2024-01-01 15:50:52,Copperwick Smash Burger,1,19.00,0.00,sale,DI
CW-WV,2024-01-01,210076,3,2024-01-01 15:50:52,Quillbrook Drip Coffee,1,4.50,0.00,sale,DI
CW-WV,2024-01-01,210077,1,2024-01-01 15:54:31,Chili-Maple Wings,1,17.00,0.00,sale,DI
CW-WV,2024-01-01,210077,2,2024-01-01 15:54:31,Soft-Serve Sundae,1,9.00,0.00,sale,DI
CW-WV,2024-01-01,210077,3,2024-01-01 15:54:31,Smoked Trout Dip,1,16.00,0.00,sale,DI
CW-WV,2024-01-01,210077,4,2024-01-01 15:54:31,Quillbrook Drip Coffee,1,4.50,0.00,sale,DI
CW-WV,2024-01-01,210078,1,2024-01-01 16:17:25,Turkey Club on Sourdough,1,17.00,3.25,sale,DI
CW-WV,2024-01-01,210078,2,2024-01-01 16:17:25,Kale Caesar,1,17.00,0.00,sale,DI
CW-WV,2024-01-01,210078,3,2024-01-01 16:17:25,Cpwk Smash Brgr,1,19.00,0.00,sale,DI
CW-WV,2024-01-01,210078,4,2024-01-01 16:17:25,Quillbrook Drip Coffee,1,4.50,0.00,sale,DI
CW-WV,2024-01-01,210079,1,2024-01-01 16:19:56,Salted Honey Pie,1,11.00,0.00,sale,DI
CW-WV,2024-01-01,210079,2,2024-01-01 16:19:56,Za'atar Fries,1,11.00,0.00,sale,DI
CW-WV,2024-01-01,210079,3,2024-01-01 16:19:56,BLT&E,2,15.00,0.00,sale,DI
CW-WV,2024-01-01,210079,4,2024-01-01 16:19:56,Iced Maple Latte,1,7.00,0.00,sale,DI
CW-WV,2024-01-01,210080,1,2024-01-01 16:22:39,Salted Honey Pie,1,11.00,0.00,sale,DI
CW-WV,2024-01-01,210080,2,2024-01-01 16:22:39,Fish & Chips,1,24.00,0.00,sale,DI
CW-WV,2024-01-01,210080,3,2024-01-01 16:22:39,Mac & Greens,1,18.00,0.00,sale,DI
CW-WV,2024-01-01,210080,4,2024-01-01 16:22:39,Quillbrook Drip Coffee,1,4.50,0.00,sale,DI
CW-WV,2024-01-01,210081,1,2024-01-01 16:23:35,Warm Chocolate Pudding Cake,1,12.00,0.00,sale,DI
CW-WV,2024-01-01,210081,2,2024-01-01 16:23:35,Copperwick Smash Burger,1,19.00,0.00,sale,DI
CW-WV,2024-01-01,210082,1,2024-01-01 16:35:32,Copperwick Smash Burger,1,19.00,0.00,sale,DI
CW-WV,2024-01-01,210082,2,2024-01-01 16:35:32,Quillbrook Drip Coffee,1,4.50,0.00,sale,DI
CW-WV,2024-01-01,210083,1,2024-01-01 16:55:44,Sourdough & Cultured Butter,1,5.00,0.00,sale,DI
CW-WV,2024-01-01,210084,1,2024-01-01 16:57:00,Seasonal Fruit Crisp,1,11.00,0.00,sale,DI
CW-WV,2024-01-01,210084,2,2024-01-01 16:57:00,Deviled Eggs & Dukkah,1,12.00,0.00,sale,DI
CW-WV,2024-01-01,210084,3,2024-01-01 16:57:00,Fresh Lemonade,1,6.00,0.00,sale,DI
CW-WV,2024-01-01,210085,1,2024-01-01 17:00:56,Soft-Serve Sundae,1,9.00,0.00,sale,DI
CW-WV,2024-01-01,210085,2,2024-01-01 17:00:56,Soft-Serve Sundae,1,9.00,0.00,sale,DI
CW-WV,2024-01-01,210085,3,2024-01-01 17:00:56,Quillbrook Drip Coffee,1,4.50,0.00,sale,DI
CW-WV,2024-01-01,210086,1,2024-01-01 17:02:24,Salted Honey Pie,1,11.00,0.00,sale,DI
CW-WV,2024-01-01,210086,2,2024-01-01 17:02:24,Za'atar Fries,2,11.00,0.00,sale,DI
CW-WV,2024-01-01,210086,3,2024-01-01 17:02:24,Quillbrook Drip Coffee,1,4.50,0.00,sale,DI
CW-WV,2024-01-01,210086,4,2024-01-01 17:02:24,Garden Gimlet,1,15.00,0.00,sale,DI
CW-WV,2024-01-01,210087,1,2024-01-01 17:04:53,Chicken Pot Pie,1,23.00,0.00,sale,DI
CW-WV,2024-01-01,210087,2,2024-01-01 17:04:53,Garden Gimlet,1,15.00,0.00,sale,DI
CW-WV,2024-01-01,210088,1,2024-01-01 17:10:13,Skillet Potatoes,1,8.00,0.00,sale,DI
CW-WV,2024-01-01,210088,2,2024-01-01 17:10:13,Mac & Greens,1,18.00,0.00,sale,DI
CW-WV,2024-01-01,210088,3,2024-01-01 17:10:13,Garden Gimlet,1,15.00,0.00,sale,DI
CW-WV,2024-01-01,210089,1,2024-01-01 17:10:41,Mac & Greens,1,18.00,0.00,sale,DI
CW-WV,2024-01-01,210089,2,2024-01-01 17:10:41,BLT&E,1,15.00,0.00,sale,DI
CW-WV,2024-01-01,210089,3,2024-01-01 17:10:41,Fresh Lemonade,1,6.00,0.00,sale,DI
CW-WV,2024-01-01,210090,1,2024-01-01 17:12:39,Mac & Greens,1,18.00,0.00,sale,DI
CW-WV,2024-01-01,210090,2,2024-01-01 17:12:39,Turkey Club on Sourdough,1,17.00,0.00,sale,DI
CW-WV,2024-01-01,210090,3,2024-01-01 17:12:39,Copperwick Smash Burger,1,19.00,0.00,sale,DI
CW-WV,2024-01-01,210090,4,2024-01-01 17:12:39,Garden Gimlet,1,15.00,0.00,sale,DI
CW-WV,2024-01-01,210091,1,2024-01-01 17:14:30,Za'atar Fries,1,11.00,0.00,sale,DL
CW-WV,2024-01-01,210091,2,2024-01-01 17:14:30,Iced Maple Latte,1,7.00,0.00,sale,DL
CW-WV,2024-01-01,210092,1,2024-01-01 17:15:49,Hanger Steak Frites,1,34.00,0.00,sale,DI
CW-WV,2024-01-01,210092,2,2024-01-01 17:15:49,Za'atar Fries,1,11.00,0.00,sale,DI
CW-WV,2024-01-01,210092,3,2024-01-01 17:15:49,House-Brewed Iced Tea,1,5.00,0.00,sale,DI
CW-WV,2024-01-01,210092,4,2024-01-01 17:15:49,Draft Lager,1,9.00,0.00,sale,DI
CW-WV,2024-01-01,210093,1,2024-01-01 17:22:58,Fish & Chips,2,24.00,0.00,sale,DI
CW-WV,2024-01-01,210093,2,2024-01-01 17:22:58,House Wine (glass),1,13.00,0.00,sale,DI
CW-WV,2024-01-01,210094,1,2024-01-01 17:28:39,Kale Caesar,1,17.00,0.00,sale,TO
CW-WV,2024-01-01,210094,2,2024-01-01 17:28:39,Fish & Chips,2,24.00,0.00,sale,TO
CW-WV,2024-01-01,210094,3,2024-01-01 17:28:39,Mushroom Reuben,1,16.00,3.81,sale,TO
CW-WV,2024-01-01,210094,4,2024-01-01 17:28:39,"Roasted Salmon, Charred Lemon",1,29.00,0.00,sale,TO
CW-WV,2024-01-01,210094,5,2024-01-01 17:28:39,Quillbrook Drip Coffee,1,4.50,0.00,sale,TO
CW-WV,2024-01-01,210095,1,2024-01-01 17:28:34,Turkey Club on Sourdough,3,17.00,0.00,sale,DI
CW-WV,2024-01-01,210096,1,2024-01-01 17:28:57,Kale Caesar,1,17.00,0.00,sale,DI
CW-WV,2024-01-01,210096,2,2024-01-01 17:28:57,Salted Honey Pie,1,11.00,0.00,sale,DI
CW-WV,2024-01-01,210097,1,2024-01-01 17:32:44,Fish & Chips,1,24.00,0.00,sale,DI
CW-WV,2024-01-01,210097,2,2024-01-01 17:32:44,House-Brewed Iced Tea,1,5.00,0.00,sale,DI
CW-WV,2024-01-01,210097,3,2024-01-01 17:32:44,House Wine (glass),1,13.00,0.00,sale,DI
CW-WV,2024-01-01,210098,1,2024-01-01 17:43:18,Za'atar Fries,1,11.00,0.00,sale,TO
CW-WV,2024-01-01,210098,2,2024-01-01 17:43:18,Crispy Brussels & Hot Honey,1,14.00,0.00,sale,TO
CW-WV,2024-01-01,210098,3,2024-01-01 17:43:18,Chili-Maple Wings,1,17.00,0.00,sale,TO
CW-WV,2024-01-01,210098,4,2024-01-01 17:43:18,Quillbrook Drip Coffee,1,4.50,0.00,sale,TO
CW-WV,2024-01-01,210099,1,2024-01-01 17:46:45,Skillet Potatoes,1,8.00,0.00,sale,DI
CW-WV,2024-01-01,210099,2,2024-01-01 17:46:45,Crispy Chicken Sandwich,1,18.00,0.00,sale,DI
CW-WV,2024-01-01,210099,3,2024-01-01 17:46:45,Quillbrook Drip Coffee,1,4.50,0.00,sale,DI
CW-WV,2024-01-01,210099,4,2024-01-01 17:46:45,Draft Lager,1,9.00,0.00,sale,DI
CW-WV,2024-01-01,210100,1,2024-01-01 17:51:42,Cornbread Skillet,1,9.00,0.00,sale,TO
CW-WV,2024-01-01,210100,2,2024-01-01 17:51:42,Quillbrook Drip Coffee,1,4.50,0.00,sale,TO
CW-WV,2024-01-01,210100,3,2024-01-01 17:51:42,Garden Gimlet,1,15.00,0.00,sale,TO
CW-WV,2024-01-01,210101,1,2024-01-01 17:59:36,Smoked Trout Dip,1,16.00,0.00,sale,DI
CW-WV,2024-01-01,210102,1,2024-01-01 18:00:52,Salted Honey Pie,1,11.00,0.00,sale,DL
CW-WV,2024-01-01,210102,2,2024-01-01 18:00:52,Quillbrook Drip Coffee,1,4.50,0.00,sale,DL
CW-WV,2024-01-01,210103,1,2024-01-01 18:04:59,Copperwick Smash Burger,1,19.00,0.00,sale,DI
CW-WV,2024-01-01,210103,2,2024-01-01 18:04:59,Salted Honey Pie,1,11.00,0.00,sale,DI
CW-WV,2024-01-01,210104,1,2024-01-01 18:05:48,Seasonal Fruit Crisp,2,11.00,0.00,sale,DI
CW-WV,2024-01-01,210104,2,2024-01-01 18:05:48,Crispy Chicken Sandwich,1,18.00,0.00,sale,DI
CW-WV,2024-01-01,210105,1,2024-01-01 18:05:28,Cornbread Skillet,1,9.00,0.00,sale,DI
CW-WV,2024-01-01,210105,2,2024-01-01 18:05:28,Fresh Lemonade,1,6.00,0.00,sale,DI
CW-WV,2024-01-01,210106,1,2024-01-01 18:10:00,Soft-Serve Sundae,1,9.00,0.00,sale,DL
CW-WV,2024-01-01,210106,2,2024-01-01 18:10:00,Hanger Steak Frites,1,34.00,0.00,sale,DL
CW-WV,2024-01-01,210106,3,2024-01-01 18:10:00,Salted Honey Pie,1,11.00,0.00,sale,DL
CW-WV,2024-01-01,210106,4,2024-01-01 18:10:00,Iced Maple Latte,1,7.00,0.00,sale,DL
CW-WV,2024-01-01,210106,5,2024-01-01 18:10:00,Draft Lager,1,9.00,0.00,sale,DL
CW-WV,2024-01-01,210107,1,2024-01-01 18:14:23,Mac & Greens,1,18.00,0.00,sale,DI
CW-WV,2024-01-01,210107,2,2024-01-01 18:14:23,Fish & Chips,1,24.00,0.00,sale,DI
CW-WV,2024-01-01,210107,3,2024-01-01 18:14:23,Smoked Short Rib Plate,1,33.00,0.00,sale,DI
CW-WV,2024-01-01,210107,4,2024-01-01 18:14:23,Deviled Eggs & Dukkah,1,12.00,0.00,sale,DI
CW-WV,2024-01-01,210108,1,2024-01-01 18:17:38,Harissa Half Chicken,1,28.00,0.00,sale,DI
CW-WV,2024-01-01,210109,1,2024-01-01 18:19:03,Fish & Chips,1,24.00,0.00,sale,DI
CW-WV,2024-01-01,210109,2,2024-01-01 18:19:03,Sourdough & Cultured Butter,1,5.00,0.00,sale,DI
CW-WV,2024-01-01,210110,1,2024-01-01 18:25:07,Garlicky Green Beans,1,9.00,0.00,sale,DI
CW-WV,2024-01-01,210110,2,2024-01-01 18:25:07,Iced Maple Latte,1,7.00,0.00,sale,DI
CW-WV,2024-01-01,210111,1,2024-01-01 18:35:05,Kale Caesar,1,17.00,0.00,sale,DI
CW-WV,2024-01-01,210111,2,2024-01-01 18:35:05,Crispy Brussels & Hot Honey,2,14.00,0.00,sale,DI
CW-WV,2024-01-01,210111,3,2024-01-01 18:35:05,Mac & Greens,1,18.00,0.00,sale,DI
CW-WV,2024-01-01,210111,4,2024-01-01 18:35:05,House-Brewed Iced Tea,1,5.00,0.00,sale,DI
CW-WV,2024-01-01,210112,1,2024-01-01 18:44:33,Hanger Steak Frites,1,34.00,0.00,sale,DL
CW-WV,2024-01-01,210112,2,2024-01-01 18:44:33,Mac & Greens,1,18.00,0.00,sale,DL
CW-WV,2024-01-01,210112,3,2024-01-01 18:44:33,Quillbrook Drip Coffee,1,4.50,0.00,sale,DL
CW-WV,2024-01-01,210113,1,2024-01-01 18:46:50,Warm Chocolate Pudding Cake,1,12.00,0.00,sale,DI
CW-WV,2024-01-01,210113,2,2024-01-01 18:46:50,Chili-Maple Wings,1,17.00,0.00,sale,DI
CW-WV,2024-01-01,210113,3,2024-01-01 18:46:50,Copperwick Smash Burger,1,19.00,0.00,sale,DI
CW-WV,2024-01-01,210113,4,2024-01-01 18:46:50,Garden Gimlet,1,15.00,0.00,sale,DI
CW-WV,2024-01-01,210114,1,2024-01-01 18:46:28,BLT&E,1,15.00,0.00,sale,DI
CW-WV,2024-01-01,210114,2,2024-01-01 18:46:28,Kale Caesar,1,17.00,0.00,sale,DI
CW-WV,2024-01-01,210114,3,2024-01-01 18:46:28,Quillbrook Drip Coffee,1,4.50,0.00,sale,DI
CW-WV,2024-01-01,210114,4,2024-01-01 18:46:28,Draft Lager,1,9.00,0.00,sale,DI
CW-WV,2024-01-01,210115,1,2024-01-01 18:55:30,Sourdough & Cultured Butter,1,5.00,0.00,sale,DI
CW-WV,2024-01-01,210115,2,2024-01-01 18:55:30,Smoked Short Rib Plate,1,33.00,0.00,sale,DI
CW-WV,2024-01-01,210116,1,2024-01-01 19:02:28,Sourdough & Cultured Butter,1,5.00,0.99,sale,TO
CW-WV,2024-01-01,210116,2,2024-01-01 19:02:28,Smoked Short Rib Plate,2,33.00,0.00,sale,TO
CW-WV,2024-01-01,210116,3,2024-01-01 19:02:28,Copperwick Smash Burger,1,19.00,0.00,sale,TO
CW-WV,2024-01-01,210117,1,2024-01-01 19:05:23,Chopped Farm Salad,1,16.00,0.00,sale,DI
CW-WV,2024-01-01,210118,1,2024-01-01 19:13:34,Fish & Chips,1,24.00,0.00,sale,DI
CW-WV,2024-01-01,210118,2,2024-01-01 19:13:34,Crispy Chicken Sandwich,1,18.00,1.97,sale,DI
CW-WV,2024-01-01,210119,1,2024-01-01 19:24:54,Copperwick Smash Burger,1,19.00,0.00,sale,DI
CW-WV,2024-01-01,210119,2,2024-01-01 19:24:54,Warm Chocolate Pudding Cake,1,12.00,0.00,sale,DI
CW-WV,2024-01-01,210119,3,2024-01-01 19:24:54,BLT&E,1,15.00,0.00,sale,DI
CW-WV,2024-01-01,210119,4,2024-01-01 19:24:54,Fresh Lemonade,1,6.00,0.00,sale,DI
CW-WV,2024-01-01,210120,1,2024-01-01 19:24:20,Chicken Pot Pie,2,23.00,0.00,sale,DI
CW-WV,2024-01-01,210120,2,2024-01-01 19:24:20,Fish & Chips,1,24.00,0.00,sale,DI
CW-WV,2024-01-01,210120,3,2024-01-01 19:24:20,Fresh Lemonade,1,6.00,0.00,sale,DI
CW-WV,2024-01-01,210121,1,2024-01-01 19:26:20,Skillet Potatoes,2,8.00,0.00,sale,DI
CW-WV,2024-01-01,210121,2,2024-01-01 19:26:20,Mac & Greens,1,18.00,0.00,sale,DI
CW-WV,2024-01-01,210121,3,2024-01-01 19:26:20,Warm Chocolate Pudding Cake,1,12.00,0.00,sale,DI
CW-WV,2024-01-01,210121,4,2024-01-01 19:26:20,Iced Maple Latte,1,7.00,0.00,sale,DI
CW-WV,2024-01-01,210121,5,2024-01-01 19:26:20,Garden Gimlet,1,15.00,0.00,sale,DI
CW-WV,2024-01-01,210122,1,2024-01-01 19:35:42,Hanger Steak Frites,1,34.00,0.00,sale,DI
CW-WV,2024-01-01,210122,2,2024-01-01 19:35:42,Deviled Eggs & Dukkah,1,12.00,0.00,sale,DI
CW-WV,2024-01-01,210122,3,2024-01-01 19:35:42,Quillbrook Drip Coffee,1,4.50,0.00,sale,DI
CW-WV,2024-01-01,210122,4,2024-01-01 19:35:42,Garden Gimlet,1,15.00,0.00,sale,DI
CW-WV,2024-01-01,210123,1,2024-01-01 19:38:57,Mac & Greens,1,18.00,0.00,sale,DI
CW-WV,2024-01-01,210123,2,2024-01-01 19:38:57,Chicken Pot Pie,1,23.00,0.00,void,DI
CW-WV,2024-01-01,210123,3,2024-01-01 19:38:57,House Wine (glass),1,13.00,0.00,sale,DI
CW-WV,2024-01-01,210124,1,2024-01-01 19:38:42,Hanger Steak Frites,1,34.00,0.00,sale,DI
CW-WV,2024-01-01,210124,2,2024-01-01 19:38:42,Quillbrook Drip Coffee,1,4.50,0.00,sale,DI
CW-WV,2024-01-01,210124,3,2024-01-01 19:38:42,Garden Gimlet,1,15.00,0.00,sale,DI
CW-WV,2024-01-01,210125,1,2024-01-01 19:39:15,Za'atar Fries,1,11.00,0.00,sale,DI
CW-WV,2024-01-01,210125,2,2024-01-01 19:39:15,Short Rib French Dip,1,22.00,0.00,sale,DI
CW-WV,2024-01-01,210125,3,2024-01-01 19:39:15,Deviled Eggs & Dukkah,1,12.00,0.00,sale,DI
CW-WV,2024-01-01,210125,4,2024-01-01 19:39:15,House-Brewed Iced Tea,1,5.00,0.00,sale,DI
CW-WV,2024-01-01,210126,1,2024-01-01 19:41:12,Crispy Chicken Sandwich,1,18.00,0.00,sale,DI
CW-WV,2024-01-01,210126,2,2024-01-01 19:41:12,Hanger Steak Frites,1,34.00,0.00,sale,DI
CW-WV,2024-01-01,210126,3,2024-01-01 19:41:12,House-Brewed Iced Tea,1,5.00,0.00,sale,DI
CW-WV,2024-01-01,210126,4,2024-01-01 19:41:12,Garden Gimlet,1,15.00,0.00,sale,DI
CW-WV,2024-01-01,210127,1,2024-01-01 19:44:37,Crispy Chicken Sandwich,3,18.00,0.00,sale,DI
CW-WV,2024-01-01,210128,1,2024-01-01 19:47:20,Copperwick Smash Burger,1,19.00,0.00,sale,DI
CW-WV,2024-01-01,210129,1,2024-01-01 19:47:00,Harvest Grain Bowl,1,18.00,0.00,sale,DI
CW-WV,2024-01-01,210129,2,2024-01-01 19:47:00,Hanger Steak Frites,1,34.00,0.00,sale,DI
CW-WV,2024-01-01,210130,1,2024-01-01 19:53:46,Skillet Potatoes,1,8.00,0.00,sale,DI
CW-WV,2024-01-01,210130,2,2024-01-01 19:53:46,Chili-Maple Wings,1,17.00,0.00,sale,DI
CW-WV,2024-01-01,210131,1,2024-01-01 19:54:30,Garlicky Green Beans,1,9.00,0.00,sale,DI
CW-WV,2024-01-01,210131,2,2024-01-01 19:54:30,Quillbrook Drip Coffee,1,4.50,0.00,sale,DI
CW-WV,2024-01-01,210131,3,2024-01-01 19:54:30,Draft Lager,1,9.00,0.00,sale,DI
CW-WV,2024-01-01,210132,1,2024-01-01 19:56:57,Mac & Greens,1,18.00,0.00,sale,DI
CW-WV,2024-01-01,210132,2,2024-01-01 19:56:57,Harissa Half Chicken,1,28.00,0.00,sale,DI
CW-WV,2024-01-01,210133,1,2024-01-01 19:58:14,Cornbread Skillet,1,9.00,0.00,sale,DI
CW-WV,2024-01-01,210133,2,2024-01-01 19:58:14,Quillbrook Drip Coffee,1,4.50,0.00,sale,DI
CW-WV,2024-01-01,210134,1,2024-01-01 19:59:21,Crispy Brussels & Hot Honey,1,14.00,0.00,sale,DI
CW-WV,2024-01-01,210135,1,2024-01-01 20:03:05,Smoked Short Rib Plate,1,33.00,0.00,sale,DI
CW-WV,2024-01-01,210135,2,2024-01-01 20:03:05,Quillbrook Drip Coffee,1,4.50,0.00,sale,DI
CW-WV,2024-01-01,210136,1,2024-01-01 20:04:54,Fish & Chips,1,24.00,0.00,sale,DI
CW-WV,2024-01-01,210136,2,2024-01-01 20:04:54,Fish & Chips,1,24.00,0.00,sale,DI
CW-WV,2024-01-01,210136,3,2024-01-01 20:04:54,Fresh Lemonade,1,6.00,0.00,sale,DI
CW-WV,2024-01-01,210137,1,2024-01-01 20:05:03,"Roasted Salmon, Charred Lemon",2,29.00,0.00,sale,DI
CW-WV,2024-01-01,210137,2,2024-01-01 20:05:03,"Roasted Salmon, Charred Lemon",1,29.00,0.00,sale,DI
CW-WV,2024-01-01,210137,3,2024-01-01 20:05:03,Iced Maple Latte,1,7.00,0.00,sale,DI
CW-WV,2024-01-01,210137,4,2024-01-01 20:05:03,Garden Gimlet,1,15.00,0.00,sale,DI
CW-WV,2024-01-01,210138,1,2024-01-01 20:07:44,Crispy Brussels & Hot Honey,1,14.00,0.00,sale,DI
CW-WV,2024-01-01,210138,2,2024-01-01 20:07:44,Kale Caesar,1,17.00,0.00,sale,DI
CW-WV,2024-01-01,210138,3,2024-01-01 20:07:44,Fresh Lemonade,1,6.00,0.00,sale,DI
CW-WV,2024-01-01,210139,1,2024-01-01 20:15:24,Za'atar Fries,1,11.00,0.00,sale,TO
CW-WV,2024-01-01,210139,2,2024-01-01 20:15:24,Salted Honey Pie,1,11.00,0.00,sale,TO
CW-WV,2024-01-01,210139,3,2024-01-01 20:15:24,Cornbread Skillet,2,9.00,0.00,sale,TO
CW-WV,2024-01-01,210139,4,2024-01-01 20:15:24,Soft-Serve Sundae,1,9.00,0.00,sale,TO
CW-WV,2024-01-01,210139,5,2024-01-01 20:15:24,Fresh Lemonade,1,6.00,0.00,sale,TO
CW-WV,2024-01-01,210140,1,2024-01-01 20:16:38,Chili-Maple Wings,1,17.00,0.00,sale,DI
CW-WV,2024-01-01,210140,2,2024-01-01 20:16:38,Za'atar Fries,1,11.00,0.00,sale,DI
CW-WV,2024-01-01,210140,3,2024-01-01 20:16:38,Warm Chocolate Pudding Cake,1,12.00,0.00,sale,DI
CW-WV,2024-01-01,210140,4,2024-01-01 20:16:38,Quillbrook Drip Coffee,1,4.50,0.00,sale,DI
CW-WV,2024-01-01,210141,1,2024-01-01 20:19:08,Za'atar Fries,1,11.00,0.00,sale,DI
CW-WV,2024-01-01,210141,2,2024-01-01 20:19:08,"Roasted Salmon, Charred Lemon",1,29.00,0.00,sale,DI
CW-WV,2024-01-01,210141,3,2024-01-01 20:19:08,House Wine (glass),1,13.00,0.00,sale,DI
CW-WV,2024-01-01,210142,1,2024-01-01 20:29:37,Za'atar Fries,1,11.00,0.00,sale,DI
CW-WV,2024-01-01,210142,2,2024-01-01 20:29:37,Hanger Steak Frites,1,34.00,0.00,sale,DI
CW-WV,2024-01-01,210142,3,2024-01-01 20:29:37,Copperwick Smash Burger,1,19.00,0.00,sale,DI
CW-WV,2024-01-01,210142,4,2024-01-01 20:29:37,Draft Lager,1,9.00,0.00,sale,DI
CW-WV,2024-01-01,210143,1,2024-01-01 20:40:01,Salted Honey Pie,1,11.00,0.00,sale,TO
CW-WV,2024-01-01,210143,2,2024-01-01 20:40:01,Charred Broccoli Bowl,1,17.00,0.00,sale,TO
CW-WV,2024-01-01,210143,3,2024-01-01 20:40:01,Sourdough & Cultured Butter,1,5.00,0.00,sale,TO
CW-WV,2024-01-01,210143,4,2024-01-01 20:40:01,House Wine (glass),1,13.00,0.00,sale,TO
CW-WV,2024-01-01,210144,1,2024-01-01 20:43:33,Mac & Greens,2,18.00,0.00,sale,DL
CW-WV,2024-01-01,210144,2,2024-01-01 20:43:33,Crispy Chicken Sandwich,2,18.00,0.00,sale,DL
CW-WV,2024-01-01,210144,3,2024-01-01 20:43:33,Chicken Pot Pie,1,23.00,0.00,sale,DL
CW-WV,2024-01-01,210144,4,2024-01-01 20:43:33,Chicken Pot Pie,2,23.00,0.00,sale,DL
CW-WV,2024-01-01,210144,5,2024-01-01 20:43:33,Deviled Eggs & Dukkah,1,12.00,0.00,sale,DL
CW-WV,2024-01-01,210144,6,2024-01-01 20:43:33,Quillbrook Drip Coffee,1,4.50,0.00,sale,DL
CW-WV,2024-01-01,210145,1,2024-01-01 20:44:20,Chicken Pot Pie,1,23.00,0.00,sale,DI
CW-WV,2024-01-01,210145,2,2024-01-01 20:44:20,Fresh Lemonade,1,6.00,0.00,sale,DI
CW-WV,2024-01-01,210146,1,2024-01-01 20:44:04,Skillet Potatoes,1,8.00,0.00,sale,DL
CW-WV,2024-01-01,210146,2,2024-01-01 20:44:04,Iced Maple Latte,1,7.00,0.00,sale,DL
CW-WV,2024-01-01,210146,3,2024-01-01 20:44:04,Draft Lager,1,9.00,0.00,sale,DL
CW-WV,2024-01-01,210147,1,2024-01-01 20:48:51,Skillet Potatoes,1,8.00,0.00,sale,DI
CW-WV,2024-01-01,210147,2,2024-01-01 20:48:51,House-Brewed Iced Tea,1,5.00,0.00,sale,DI
CW-WV,2024-01-01,210148,1,2024-01-01 21:00:01,Fish & Chips,1,24.00,0.00,sale,DI
CW-WV,2024-01-01,210148,2,2024-01-01 21:00:01,Kale Caesar,1,17.00,0.00,sale,DI
CW-WV,2024-01-01,210148,3,2024-01-01 21:00:01,Skillet Potatoes,1,8.00,0.00,sale,DI
CW-WV,2024-01-01,210148,4,2024-01-01 21:00:01,House-Brewed Iced Tea,1,5.00,0.00,sale,DI
CW-WV,2024-01-01,210149,1,2024-01-01 21:07:23,Mac & Greens,1,18.00,0.00,sale,DL
CW-WV,2024-01-01,210149,2,2024-01-01 21:07:23,Fresh Lemonade,1,6.00,0.00,sale,DL
CW-WV,2024-01-01,210150,1,2024-01-01 21:07:14,Soft-Serve Sundae,1,9.00,0.00,sale,DI
CW-WV,2024-01-01,210151,1,2024-01-01 21:08:13,Soft-Serve Sundae,1,9.00,0.00,sale,DI
CW-WV,2024-01-01,210152,1,2024-01-01 21:17:35,Crispy Brussels & Hot Honey,1,14.00,0.00,sale,DI
CW-WV,2024-01-01,210152,2,2024-01-01 21:17:35,Mac & Greens,1,18.00,0.00,sale,DI
CW-WV,2024-01-01,210152,3,2024-01-01 21:17:35,Warm Chocolate Pudding Cake,1,12.00,0.00,sale,DI
CW-WV,2024-01-01,210152,4,2024-01-01 21:17:35,Chicken Pot Pie,1,23.00,0.00,sale,DI
CW-WV,2024-01-01,210152,5,2024-01-01 21:17:35,Quillbrook Drip Coffee,1,4.50,0.00,sale,DI
CW-WV,2024-01-01,210153,1,2024-01-01 21:24:54,Mushroom Reuben,1,16.00,0.00,comp,DI
CW-WV,2024-01-01,210153,2,2024-01-01 21:24:54,Kale Caesar,1,17.00,0.00,sale,DI
CW-WV,2024-01-01,210153,3,2024-01-01 21:24:54,Draft Lager,1,9.00,0.00,sale,DI
CW-WV,2024-01-01,210154,1,2024-01-01 21:35:33,Smoked Short Rib Plate,1,33.00,0.00,sale,DI
CW-WV,2024-01-01,210154,2,2024-01-01 21:35:33,Garden Gimlet,1,15.00,0.00,sale,DI
CW-WV,2024-01-01,210155,1,2024-01-01 21:38:33,Chicken Pot Pie,2,23.00,0.00,sale,DI
CW-WV,2024-01-01,210155,2,2024-01-01 21:38:33,Chicken Pot Pie,1,23.00,0.00,sale,DI
CW-WV,2024-01-01,210155,3,2024-01-01 21:38:33,Fresh Lemonade,1,6.00,0.00,sale,DI
CW-WV,2024-01-01,210156,1,2024-01-01 21:39:47,Za'atar Fries,1,11.00,0.00,sale,TO
CW-WV,2024-01-01,210156,2,2024-01-01 21:39:47,Mac & Greens,1,18.00,3.19,sale,TO
CW-WV,2024-01-01,210156,3,2024-01-01 21:39:47,Quillbrook Drip Coffee,1,4.50,0.00,sale,TO
CW-WV,2024-01-01,210157,1,2024-01-01 21:40:46,Hanger Steak Frites,1,34.00,0.00,sale,DL
CW-WV,2024-01-01,210157,2,2024-01-01 21:40:46,Chicken Pot Pie,1,23.00,0.00,sale,DL
CW-WV,2024-01-01,210157,3,2024-01-01 21:40:46,Crispy Chicken Sandwich,1,18.00,0.00,sale,DL
CW-WV,2024-01-01,210158,1,2024-01-01 21:41:37,Za'atar Fries,1,11.00,0.00,sale,TO
CW-WV,2024-01-01,210158,2,2024-01-01 21:41:37,Fresh Lemonade,1,6.00,0.00,sale,TO
CW-WV,2024-01-01,210158,3,2024-01-01 21:41:37,Draft Lager,1,9.00,0.00,sale,TO
CW-WV,2024-01-01,210159,1,2024-01-01 21:43:08,Harissa Half Chicken,1,28.00,0.00,sale,TO
CW-WV,2024-01-01,210159,2,2024-01-01 21:43:08,Crispy Chicken Sandwich,1,18.00,0.00,sale,TO
CW-WV,2024-01-01,210160,1,2024-01-01 21:45:11,Chicken Pot Pie,1,23.00,0.00,sale,DI
CW-WV,2024-01-01,210160,2,2024-01-01 21:45:11,Smoked Short Rib Plate,1,33.00,0.00,sale,DI
CW-WV,2024-01-01,210160,3,2024-01-01 21:45:11,Crispy Chicken Sandwich,1,18.00,0.00,sale,DI
CW-WV,2024-01-01,210160,4,2024-01-01 21:45:11,Quillbrook Drip Coffee,1,4.50,0.00,sale,DI
CW-WV,2024-01-01,210161,1,2024-01-01 21:47:30,Chili-Maple Wings,1,17.00,0.00,sale,DI
CW-WV,2024-01-01,210161,2,2024-01-01 21:47:30,Iced Maple Latte,1,7.00,0.00,sale,DI
CW-WV,2024-01-01,210161,3,2024-01-01 21:47:30,Draft Lager,1,9.00,0.00,sale,DI
CW-WV,2024-01-01,210162,1,2024-01-01 21:51:21,Skillet Potatoes,1,8.00,0.00,sale,DL
CW-WV,2024-01-01,210162,2,2024-01-01 21:51:21,Hanger Steak Frites,1,34.00,0.00,sale,DL
CW-WV,2024-01-01,210162,3,2024-01-01 21:51:21,Draft Lager,1,9.00,0.00,sale,DL
CW-WV,2024-01-01,210163,1,2024-01-01 21:53:03,Crispy Chicken Sandwich,1,18.00,0.00,sale,DI
CW-WV,2024-01-01,210163,2,2024-01-01 21:53:03,Quillbrook Drip Coffee,1,4.50,0.00,sale,DI
CW-WV,2024-01-01,210164,1,2024-01-01 21:54:33,Za'atar Fries,1,11.00,1.21,sale,TO
CW-WV,2024-01-01,210164,2,2024-01-01 21:54:33,Iced Maple Latte,1,7.00,0.00,sale,TO
CW-WV,2024-01-01,210165,1,2024-01-01 21:55:07,Skillet Potatoes,1,8.00,0.00,sale,DI
CW-WV,2024-01-01,210165,2,2024-01-01 21:55:07,"Roasted Salmon, Charred Lemon",1,29.00,0.00,sale,DI
CW-WV,2024-01-01,210165,3,2024-01-01 21:55:07,Crispy Brussels & Hot Honey,1,14.00,0.00,sale,DI
CW-WV,2024-01-01,210165,4,2024-01-01 21:55:07,Copperwick Smash Burger,1,19.00,0.00,sale,DI
CW-WV,2024-01-01,210165,5,2024-01-01 21:55:07,Garlicky Green Beans,1,9.00,0.00,sale,DI
CW-WV,2024-01-01,210165,6,2024-01-01 21:55:07,House-Brewed Iced Tea,1,5.00,0.00,sale,DI
CW-WV,2024-01-01,210165,7,2024-01-01 21:55:07,Draft Lager,1,9.00,0.00,sale,DI
CW-WV,2024-01-01,210166,1,2024-01-01 21:57:25,Skillet Potatoes,1,8.00,0.00,sale,DI
CW-WV,2024-01-01,210166,2,2024-01-01 21:57:25,Iced Maple Latte,1,7.00,0.00,sale,DI
CW-WV,2024-01-01,210167,1,2024-01-01 22:01:51,Deviled Eggs & Dukkah,2,12.00,0.00,sale,DI
CW-WV,2024-01-01,210168,1,2024-01-01 22:06:47,Garlicky Green Beans,1,9.00,0.00,sale,TO
CW-WV,2024-01-01,210168,2,2024-01-01 22:06:47,Mac & Greens,1,18.00,0.00,sale,TO
CW-WV,2024-01-01,210168,3,2024-01-01 22:06:47,Sourdough & Cultured Butter,1,5.00,0.00,sale,TO
CW-WV,2024-01-01,210168,4,2024-01-01 22:06:47,Iced Maple Latte,1,7.00,0.00,sale,TO
CW-WV,2024-01-01,210169,1,2024-01-01 22:25:04,Za'atar Fries,1,11.00,0.00,sale,DI
CW-WV,2024-01-01,210169,2,2024-01-01 22:25:04,Warm Chocolate Pudding Cake,1,12.00,0.00,comp,DI
CW-WV,2024-01-01,210169,3,2024-01-01 22:25:04,Sourdough & Cultured Butter,1,5.00,0.00,sale,DI
CW-WV,2024-01-01,210169,4,2024-01-01 22:25:04,Deviled Eggs & Dukkah,1,12.00,0.00,sale,DI
CW-WV,2024-01-01,210169,5,2024-01-01 22:25:04,House-Brewed Iced Tea,1,5.00,0.00,sale,DI
CW-WV,2024-01-01,210170,1,2024-01-01 22:26:02,Za'atar Fries,1,11.00,0.00,sale,TO
CW-WV,2024-01-01,210170,2,2024-01-01 22:26:02,Copperwick Smash Burger,1,19.00,0.00,sale,TO
CW-WV,2024-01-01,210170,3,2024-01-01 22:26:02,Fresh Lemonade,1,6.00,0.00,sale,TO
CW-WV,2024-01-01,210171,1,2024-01-01 22:30:58,Avocado Toast,2,16.00,0.00,sale,DI
CW-WV,2024-01-01,210171,2,2024-01-01 22:30:58,Salted Honey Pie,1,11.00,0.00,sale,DI
CW-WV,2024-01-01,210171,3,2024-01-01 22:30:58,Skillet Potatoes,1,8.00,0.00,sale,DI
CW-WV,2024-01-01,210171,4,2024-01-01 22:30:58,Short Rib French Dip,1,22.00,0.00,sale,DI
CW-WV,2024-01-01,210171,5,2024-01-01 22:30:58,Crispy Chicken Sandwich,1,18.00,0.00,sale,DI
CW-WV,2024-01-01,210171,6,2024-01-01 22:30:58,Draft Lager,1,9.00,0.00,sale,DI
CW-WV,2024-01-01,210172,1,2024-01-01 22:31:36,Sourdough & Cultured Butter,1,5.00,0.00,sale,DI
CW-WV,2024-01-01,210172,2,2024-01-01 22:31:36,Skillet Potatoes,1,8.00,0.00,sale,DI
CW-WV,2024-01-01,210172,3,2024-01-01 22:31:36,Fresh Lemonade,1,6.00,0.00,sale,DI
CW-WV,2024-01-01,210173,1,2024-01-01 22:33:13,Short Rib French Dip,1,22.00,3.54,sale,DI
CW-WV,2024-01-01,210174,1,2024-01-01 22:39:25,Skillet Potatoes,1,8.00,0.00,sale,DL
CW-WV,2024-01-01,210174,2,2024-01-01 22:39:25,Quillbrook Drip Coffee,1,4.50,0.00,sale,DL
CW-WV,2024-01-01,210175,1,2024-01-01 22:58:40,Deviled Eggs & Dukkah,1,12.00,0.00,sale,DI
CW-WV,2024-01-01,210175,2,2024-01-01 22:58:40,Za'atar Fries,1,11.00,0.00,sale,DI
CW-WV,2024-01-01,210175,3,2024-01-01 22:58:40,Draft Lager,1,9.00,0.00,sale,DI
CW-WV,2024-01-01,210176,1,2024-01-01 23:06:13,Salted Honey Pie,1,11.00,0.00,sale,DI
CW-WV,2024-01-01,210176,2,2024-01-01 23:06:13,Crispy Brussels & Hot Honey,1,14.00,0.00,sale,DI
CW-WV,2024-01-01,210176,3,2024-01-01 23:06:13,Iced Maple Latte,1,7.00,0.00,sale,DI
CW-WV,2024-01-01,210177,1,2024-01-01 23:20:58,Short Rib French Dip,1,22.00,0.00,sale,TO
CW-WV,2024-01-01,210177,2,2024-01-01 23:20:58,House-Brewed Iced Tea,1,5.00,0.00,sale,TO
CW-WV,2024-01-01,210178,1,2024-01-01 23:37:59,Chili-Maple Wings,1,17.00,0.00,sale,DL
CW-WV,2024-01-01,210178,2,2024-01-01 23:37:59,Copperwick Smash Burger,1,19.00,0.00,sale,DL
CW-WV,2024-01-01,210179,1,2024-01-01 23:43:33,"Roasted Salmon, Charred Lemon",1,29.00,4.21,sale,DI
CW-WV,2024-01-01,210180,1,2024-01-01 23:53:56,Skillet Potatoes,1,8.00,0.00,sale,DI
CW-WV,2024-01-01,210180,2,2024-01-01 23:53:56,Skillet Potatoes,1,8.00,0.00,sale,DI
CW-WV,2024-01-01,210180,3,2024-01-01 23:53:56,House-Brewed Iced Tea,1,5.00,0.00,sale,DI
CW-WV,2024-01-01,210180,4,2024-01-01 23:53:56,Draft Lager,1,9.00,0.00,sale,DI
CW-WV,2024-01-01,210181,1,2024-01-02 00:06:32,Crispy Chicken Sandwich,1,18.00,0.00,sale,DI
CW-WV,2024-01-01,210181,2,2024-01-02 00:06:32,Fresh Lemonade,1,6.00,0.00,sale,DI
CW-WV,2024-01-01,210182,1,2024-01-02 00:12:01,Turkey Club on Sourdough,3,17.00,0.00,sale,TO
CW-WV,2024-01-01,210183,1,2024-01-02 00:17:07,Za'atar Fries,1,11.00,0.00,sale,DI
CW-WV,2024-01-01,210183,2,2024-01-02 00:17:07,Harissa Half Chicken,1,28.00,0.00,sale,DI
CW-WV,2024-01-01,210183,3,2024-01-02 00:17:07,Quillbrook Drip Coffee,1,4.50,0.00,sale,DI
CW-WV,2024-01-01,210184,1,2024-01-02 00:31:43,Skillet Potatoes,1,8.00,0.00,sale,DL
CW-WV,2024-01-01,210184,2,2024-01-02 00:31:43,Fresh Lemonade,1,6.00,0.00,sale,DL
CW-WV,2024-01-01,210185,1,2024-01-02 00:33:52,Turkey Club on Sourdough,1,17.00,0.00,sale,DI
CW-WV,2024-01-01,210185,2,2024-01-02 00:33:52,BLT&E,1,15.00,0.00,sale,DI
